"Name","Distance (LY)","Controlling Faction","Needs Permit","Bodies","Colonised","Economy","Stations","X","Y","Z","Controlling Faction State","Allegiance"
"Lalande 21185","8.28732088795891","Earth Defense Fleet","False","3","True","Military","29","0.3125","7.5625","-3.375","Expansion","Federation"
"UV Ceti","8.58186678409774","Earth Defense Fleet","False","2","True","High Tech","22","-0.1875","-8.3125","-2.125","Expansion","Federation"
"Yin Sector CL-Y d127","9.85619253312353","Earth Defense Fleet","False","2","True","Military","20","1.0625","3.875","-9.0","Expansion","Federation"
"Ross 248","10.3688799720606","Earth Defense Fleet","False","20","True","High Tech","51","-9.3125","-3.03125","-3.40625","Expansion","Federation"
"Struve 2398","11.6388106807569","Movement for LHS 450 Progressive Party","False","10","True","Industrial","19","-10.625","4.75","0.09375","Election","Federation"
"WISE 0350-5658","12.0939518717002","Earth Defense Fleet","False","8","True","Industrial","9","8.28125","-8.8125","-0.15625","Expansion","Federation"
"Kapteyn's Star","12.7623255374951","Crimson Legal & Co","False","8","True","Industrial","40","9.75","-7.46875","-3.46875","Boom","Federation"
"Talta","12.8276587156425","Hutton Orbital Truckers Co-Operative","False","7","True","Refinery","27","5.59375","-5.125","10.34375","None","Independent"
"DEN 1048-3956","13.0931533276938","Earth Defense Fleet","False","1","True","Military","9","12.375","3.84375","1.875","Expansion","Federation"
"UGPS 0722-05","13.393751458236","Earth Defense Fleet","False","12","True","Industrial","36","8.875","0.03125","-10.03125","Expansion","Federation"
"Ross 614","13.4327389821473","Earth Defense Fleet","False","2","True","Military","22","7.3125","-1.34375","-11.1875","Expansion","Federation"
"Wolf 1061","13.9850296634473","Elite Rebel Force","False","1","True","Military","4","-0.84375","5.46875","12.84375","None","Federation"
"WISE 0410+1502","14.0120623259034","Brothers of Lung","False","16","True","Industrial","19","-0.46875","-6.125","-12.59375","Boom","Independent"
"CD-37 15492","14.1712117402677","Hutton Orbital Truckers Co-Operative","False","2","True","High Tech","1","0.96875","-13.78125","3.15625","Boom","Independent"
"Luyten 143-23","14.6242320845404","Hutton Orbital Truckers Co-Operative","False","2","True","Military","4","13.125","-0.75","6.40625","Civil Unrest","Independent"
"LHS 292","14.7358578919756","Earth Defense Fleet","False","2","True","Military","11","10.9375","9.71875","-1.75","Expansion","Federation"
"Bidmere","15.2867768635184","The 18th Division","False","1","True","Military","7","-7.4375","13.21875","1.90625","Expansion","Alliance"
"LHS 2","15.33404097099","Earth Defense Fleet","False","1","True","Military","12","-5.8125","-14.1875","-0.25","Expansion","Federation"
"WISE 1405+5534","15.7628295960782","Sol Workers' Party","False","8","True","High Tech","4","-8.03125","13.4375","-1.84375","None","Federation"
"WX Ursae Majoris","15.8000815860235","Green Party of WISE 1506+7027","False","6","True","Refinery","14","-1.40625","14.15625","-6.875","None","Federation"
"AD Leonis","15.9951774958892","Earth Defense Fleet","False","22","True","Industrial","50","5.5","13.03125","-7.46875","Expansion","Federation"
"Rigga","16.0570880960715","Earth Defense Fleet","False","4","True","Service","11","8.40625","-3.40625","13.25","Expansion","Federation"
"Ministry","16.0599766986911","Earth Defense Fleet","False","1","True","Military","10","15.46875","-4.0","1.625","Expansion","Federation"
"DEN 0255-4700","16.1874396717023","Sirius Corporation","False","11","True","Industrial","3","15.78125","-2.46875","-2.625","Investment","Independent"
"LP 944-020","16.2185091504275","Earth Defense Fleet","False","1","True","High Tech","4","8.0625","-13.03125","-5.3125","Expansion","Federation"
"WISE 1639-6847","16.2819997428141","Barnard's Star Advanced Corp.","False","10","True","Industrial","7","9.875","-4.09375","12.28125","None","Federation"
"WISE J0521+1025","16.3284464681273","Earth Defense Fleet","False","10","True","Industrial","5","3.5","-4.125","-15.40625","Expansion","Federation"
"LHS 451","16.534912165249","Earth Defense Fleet","False","1","True","Military","3","3.875","-2.09375","15.9375","Expansion","Federation"
"EV Lacertae","16.7409607139196","VX9 Defense Corp.","False","11","True","Industrial","7","-16.0","-3.78125","-3.15625","None","Federation"
"EI Cancri","17.0334287597213","Earth Defense Fleet","False","2","True","Military","14","6.3125","10.125","-12.15625","Expansion","Federation"
"LHS 47","17.5561042624781","Wolf 424 Future","False","9","True","Industrial","4","0.71875","16.6875","5.40625","Boom","Federation"
"WISE 1741+2553","17.9837980467837","Vega Independents","False","8","True","Industrial","9","-12.40625","7.90625","10.34375","Boom","Federation"
"Wolf 630","18.6931952023992","Hutton Orbital Truckers Co-Operative","False","5","True","Extraction","3","-3.46875","6.5625","17.15625","Outbreak","Independent"
"LHS 1827","18.7699373167573","Hutton Orbital Truckers Co-Operative","False","12","True","Industrial","10","13.40625","-5.8125","-11.78125","Boom","Independent"
"Sigma Draconis","18.794374573925","Earth Defense Fleet","False","2","True","Military","8","-17.09375","7.0","-3.46875","Expansion","Federation"
"KX Librae","19.0325841075903","Wolf 1481 Resistance","False","2","True","Military","3","5.8125","10.125","15.03125","None","Federation"
"WISE 0359-5401","19.1918002103112","Sirius Corporation","False","9","True","Industrial","10","13.125","-13.9375","-1.34375","Investment","Independent"
"QY Aurigae","19.8327479342879","Earth Defense Fleet","False","1","True","Military","6","-0.375","6.71875","-18.65625","Expansion","Federation"
"LHS 1723","20.0146674731933","Earth Defense Fleet","False","1","True","High Tech","3","7.875","-9.25","-15.90625","Expansion","Federation"
"LHS 455","20.0514475007417","Revolutionary Party of LP 336-6","False","2","True","Tourism","4","-16.90625","10.21875","-3.4375","None","Federation"
"LTT 7072","20.1578245509033","Hutton Orbital Truckers Co-Operative","False","28","True","Extraction","11","0.78125","-0.84375","20.125","Boom","Independent"
"Jastreb Sector CL-Y d145","20.2104407191555","Vega Independents","False","10","True","Industrial","10","-18.0","8.84375","2.5","Boom","Federation"
"LHS 3003","20.2368302081872","Sol Workers' Party","False","1","True","Military","4","7.90625","9.21875","16.1875","Election","Federation"
"WISE 0146+4234","20.525351131284","Earth Defense Fleet","False","10","True","High Tech","5","-14.0","-6.75","-13.40625","Expansion","Federation"
"2MASS 1503+2525","20.695428994104","LHS 2541 Alliance Combine","False","8","True","Industrial","6","-6.1875","18.0","8.125","Boom","Alliance"
"LP 378-541","20.8846815124148","Remlok Industries","False","12","True","Industrial","5","1.1875","20.71875","2.34375","None","Alliance"
"LP 658-2","21.0800418420481","LHS 1918 Major Exchange","False","1","True","Tourism","3","10.25","-5.25","-17.65625","Boom","Federation"
"G 202-48","21.2456107599311","Vega Independents","False","1","True","Military","3","-15.53125","14.375","1.875","Election","Federation"
"GL Virginis","21.3182955829611","Earth Defense Fleet","False","2","True","Military","5","6.4375","20.3125","0.65625","Expansion","Federation"
"Terravor","21.8936973664797","EG Union","False","2","True","Service","3","10.40625","-18.90625","3.6875","None","Independent"
"LHS 35","22.0406451598518","Green Party of Luyten's Star","False","17","True","Military","18","11.4375","8.1875","-16.96875","None","Federation"
"Cuspoor","22.2677246817002","Green Party of Bhritzameno","False","3","True","Industrial","5","3.0","0.3125","22.0625","None","Federation"
"WISE 0713-2917","23.193437582105","Star Pilots","False","8","True","Military","19","20.15625","-3.46875","-10.9375","None","Independent"
"LHS 337","23.4382499880004","Guy Exchange","False","13","True","Extraction","5","18.4375","9.6875","10.75","Boom","Federation"
"LHS 546","23.5646136319907","Future of EZ Aquarii","False","3","True","Military","5","-11.96875","-20.25","1.40625","None","Federation"
"LP 71-165","23.7711049319862","Vega Independents","False","5","True","Military","4","-20.90625","11.09375","-2.21875","Boom","Federation"
"LHS 3405","23.9795852302015","Elite Rebel Force","False","3","True","Industrial","2","-18.96875","5.4375","13.625","None","Federation"
"WISE J004945","24.1345714497378","George Pantazis Democrats","False","7","True","Extraction","12","-15.375","-15.84375","-9.75","Boom","Federation"
"WISE J0254+0223","24.2152820097661","Hutton Orbital Truckers Co-Operative","False","1","True","Service","4","-2.03125","-18.0625","-16.0","None","Independent"
"LHS 3799","24.3394171368687","Future of EZ Aquarii","False","2","True","High Tech","1","-9.1875","-19.84375","10.6875","Boom","Federation"
"Ross 556","24.5205191497856","Hutton Orbital Truckers Co-Operative","False","8","True","Extraction","10","-9.5625","-12.34375","-18.90625","None","Independent"
"LHS 1070","24.5692182288122","Workers of LAWD 96 Resistance","False","1","True","Military","14","-1.34375","-24.4375","2.15625","Investment","Federation"
"LHS 1805","24.7031398244737","Federal Delta Division","False","2","True","Military","4","-10.34375","7.28125","-21.21875","None","Federation"
"LP 771-95","24.9210276109855","Earth Defense Fleet","False","2","True","Military","1","4.59375","-21.15625","-12.34375","Expansion","Federation"
"AN Sextantis","25.6651743004991","Earth Defense Fleet","False","8","True","High Tech","4","17.71875","16.84375","-7.8125","Expansion","Federation"
"V1201 Orionis","26.0706859146916","Earth Defense Fleet","False","1","True","Tourism","9","9.5","-4.40625","-23.875","Expansion","Federation"
"LHS 3558","26.1024311906477","C.O.N.T.R.A.I.L","False","2","True","High Tech","4","-24.8125","6.78125","-4.4375","Expansion","Independent"
"LHS 222","26.1298963713024","Earth Defense Fleet","False","2","True","Military","4","24.03125","-7.78125","-6.6875","Expansion","Federation"
"LP 229-17","26.314262856624","The Dark Wheel","False","10","True","Industrial","3","-23.03125","9.03125","8.96875","Boom","Independent"
"WISE 2220-3628","26.3939875374109","Izumo Heavy Industries Ltd","False","1","True","Service","6","-1.78125","-22.125","14.28125","Expansion","Federation"
"P Eridani","26.5622242632747","Lu Yupik Creative Network","False","2","True","Military","5","12.625","-22.96875","4.3125","Boom","Federation"
"LAWD 49","26.6603711644268","Ross 490 Network","False","3","True","High Tech","3","5.84375","24.0","10.03125","None","Federation"
"Core Sys Sector MC-V b2-7","26.7260589418362","Star Pilots","False","2","True","Military","4","22.5","-5.625","13.28125","None","Independent"
"LHS 316","26.7859352669456","Earth Defense Fleet","False","1","True","Industrial","4","-5.875","24.40625","-9.34375","Expansion","Federation"
"LHS 465","26.8829385077692","Blood Brothers from Alrai","False","4","True","Military","2","-23.9375","12.21875","-0.625","None","Federation"
"Wolf 922","27.0652784370492","Carener Electronics Inc","False","2","True","Military","1","-14.3125","-17.53125","14.84375","None","Federation"
"LHS 1846","27.1840515054324","Adnovi Security Holdings","False","2","True","Military","5","4.25","2.3125","-26.75","Boom","Federation"
"LHS 2447","27.3736622104624","Hutton Orbital Truckers Co-Operative","False","3","True","Service","3","24.96875","4.5625","10.25","None","Independent"
"Yin Sector GW-W c1-26","27.4756461764323","Minutemen","False","6","True","Industrial","11","19.125","15.4375","-12.28125","Election","Federation"
"Chara","27.511414534471","Terran Colonial Forces","False","1","True","Military","4","-4.84375","26.65625","-4.78125","Expansion","Alliance"
"LHS 1375","27.6131903489981","FrogCorp","False","1","True","Military","4","-9.125","-19.3125","-17.5","Election","Federation"
"LHS 415","27.6206338461394","The Dark Wheel","False","2","True","Military","3","8.125","4.0","26.09375","None","Independent"
"CD Ceti","27.6377586487219","Earth Defense Fleet","False","1","True","High Tech","2","-1.625","-18.90625","-20.09375","Expansion","Federation"
"LP 467-16","27.6609459290079","Marine Forces Special Operations Command","False","1","True","Military","1","-14.40625","-20.28125","-12.09375","None","Federation"
"WISE 1647+5632","27.9876158438871","Blood Brothers from Alrai","False","2","True","Military","3","-21.59375","17.71875","1.75","Expansion","Federation"
"WISE 0647-6232","27.993110899157","Down Under Squadron","False","1","True","Military","3","25.46875","-11.5625","1.125","None","Federation"
"G 148-13","28.0020576810884","Groombridge 1618 Inc","False","2","True","Military","3","-0.40625","27.09375","-7.0625","None","Federation"
"WISE 0313+7807","28.0290899390704","Blood Brothers from Alrai","False","14","True","High Tech","19","-20.46875","8.3125","-17.25","Expansion","Federation"
"Gl 867 B","28.2749647711982","Workers of Fomalhaut Liberals","False","11","True","Industrial","2","-8.9375","-24.25","11.46875","None","Federation"
"L 32-8","28.3230526691598","Star Pilots","False","1","True","Military","2","24.0625","-13.0625","7.25","None","Independent"
"HU Delphinus","28.5679015680186","Sirius Special Forces","False","3","True","Military","4","-22.0","-8.25","16.25","Boom","Federation"
"41 G. Arae","28.6956687716108","Sol Workers' Party","False","2","True","High Tech","1","8.5","-2.9375","27.25","Boom","Federation"
"Core Sys Sector OI-T b3-6","28.9909401257531","Elite Rebel Force","False","2","True","High Tech","2","-19.71875","-10.0625","18.71875","None","Federation"
"LHS 253","29.0303922101476","LHS 2166 Crimson Netcoms Ind","False","6","True","Tourism","4","27.84375","2.8125","-7.71875","Boom","Federation"
"SZ Ursae Majoris","29.0821338249534","Earth Defense Fleet","False","9","True","Industrial","9","-13.0625","21.96875","-13.875","Expansion","Federation"
"LHS 1326","29.1361466062776","FrogCorp","False","1","True","Military","1","-9.625","-21.90625","-16.625","None","Federation"
"Tascheter Sector ST-R b4-8","29.3791885311695","Earth Defense Fleet","False","1","True","Military","2","15.1875","-7.3125","-24.0625","Expansion","Federation"
"L 32-9","29.3955712544424","The Dark Wheel","False","1","True","Military","1","24.96875","-13.5625","7.53125","Outbreak","Independent"
"LP 823-4","29.4137543559556","Workers of Fomalhaut Liberals","False","2","True","Military","2","-8.625","-27.84375","3.9375","War","Federation"
"V388 Cassiopeiae","29.4365876981776","Blood Brothers from Alrai","False","4","True","Industrial","5","-24.3125","-0.25","-16.59375","Expansion","Federation"
"Core Sys Sector VO-R a4-1","29.6048520622043","Falcons' Nest","False","11","True","Industrial","1","-0.59375","-29.25","-4.53125","Expansion","Federation"
"Beurex","29.6361233073339","Terran Colonial Forces","False","2","True","Military","2","-1.65625","28.53125","-7.84375","Expansion","Alliance"
"SDSS J1416+1348","29.6973832233162","Nobles of Dagr","False","15","True","Refinery","16","-0.6875","27.15625","12.0","None","Alliance"
"LHS 149","29.846122287912","Hutton Orbital Truckers Co-Operative","False","11","True","Industrial","12","1.375","-28.03125","-10.15625","None","Independent"
"LHS 1731","30.0462371552163","Earth Defense Fleet","False","11","True","Industrial","24","15.71875","-15.46875","-20.40625","Expansion","Federation"
"Tascheter Sector LD-J a9-2","30.0958267715393","Earth Defense Fleet","False","11","True","Industrial","29","0.5625","-26.46875","-14.3125","Expansion","Federation"
"Core Sys Sector CL-Y c24","30.1430994642638","Blood Brothers from Alrai","False","1","True","Military","2","-28.0","8.09375","7.6875","Expansion","Federation"
"Gamma Pavonis","30.2097646931005","United Mombaluma Resistance","False","1","True","Military","9","12.03125","-19.75","19.4375","Boom","Federation"
"LHS 203","30.2613292317935","Earth Defense Fleet","False","2","True","Industrial","1","16.46875","-15.1875","-20.34375","Expansion","Federation"
"Core Sys Sector YU-P a5-3","30.2694120307531","Workers of Fomalhaut Liberals","False","7","True","Extraction","12","-14.90625","-25.40625","6.96875","None","Federation"
"Core Sys Sector ZU-P a5-1","30.2723477626447","Movement for HIP 7670 Unionists","False","10","True","Military","11","-0.25","-27.15625","13.375","War","Independent"
"Core Sys Sector DL-Y d118","30.448053868433","EG Union","False","3","True","Military","4","25.09375","-5.3125","16.40625","Boom","Independent"
"Core Sys Sector YU-P a5-2","30.6698014136055","Workers of Fomalhaut Liberals","False","5","True","High Tech","6","-14.4375","-26.3125","6.3125","Boom","Federation"
"BD-17 588","30.7483167730365","Earth Defense Fleet","False","1","True","Military","1","5.78125","-25.9375","-15.46875","Expansion","Federation"
"Austern","30.9218078890126","Independents of LP 336-4","False","2","True","Military","5","-25.15625","15.34375","9.375","Election","Federation"
"Core Sys Sector PI-T b3-7","31.1117253318584","Earth Defense Fleet","False","1","True","Military","3","11.78125","-16.28125","23.75","Expansion","Federation"
"LHS 183","31.1142520348393","Earth Defense Fleet","False","1","True","Military","3","5.90625","-21.03125","-22.15625","Expansion","Federation"
"Core Sys Sector IR-W c1-25","31.1222545224876","Earth Defense Fleet","False","4","True","Service","1","16.53125","-13.75","22.5","Expansion","Federation"
"LHS 3255","31.2279609785045","Green Party of Bhritzameno","False","1","True","Military","2","-7.40625","12.1875","27.78125","None","Federation"
"LHS 102","31.3143244228979","Earth Defense Fleet","False","3","True","Industrial","2","3.75","-30.0","8.15625","Expansion","Federation"
"LHS 1610","31.3938408320406","Earth Defense Fleet","False","11","True","Industrial","15","-3.34375","-14.59375","-27.59375","Expansion","Federation"
"Core Sys Sector VO-R a4-0","31.5025110606282","Black Sails Sq.69","False","11","True","Industrial","2","0.125","-31.15625","-4.65625","Boom","Federation"
"LHS 2149","31.5103839531511","Aetas Eternum","False","10","True","Industrial","2","20.8125","18.21875","-15.09375","Election","Federation"
"Core Sys Sector EB-O a6-4","31.6043039988227","Jet Electronics Commodities","False","9","True","Industrial","3","5.5625","-25.375","18.0","None","Federation"
"Tascheter Sector CL-Y d127","31.6223751381043","Earth Defense Fleet","False","2","True","High Tech","2","7.8125","12.65625","-27.90625","Expansion","Federation"
"LTT 6988","31.692091629853","Arbor Caelum Internal Defense","False","9","True","Extraction","15","9.46875","-5.09375","29.8125","None","Independent"
"Puppis Sector DL-Y d142","31.7789453441662","Minutemen","False","1","True","Military","2","27.71875","-15.21875","-3.15625","Expansion","Federation"
"12 Ophiuchi","31.7885776950621","Nobles of Dagr","False","3","True","High Tech","1","-6.84375","14.8125","27.28125","None","Alliance"
"LFT 215","31.89161637974","Sirius Corporation","False","3","True","Service","1","-13.25","-17.09375","-23.4375","Civil Unrest","Independent"
"Core Sys Sector ZU-P a5-2","31.9863709990286","Izumo Heavy Industries Ltd","False","7","True","Industrial","2","-4.65625","-28.78125","13.15625","Expansion","Federation"
"Marcov's Point","32.013699460153","Nobles of Dagr","False","1","True","Military","1","-22.34375","14.625","17.65625","None","Alliance"
"LHS 495","32.1030293303841","VX9 Defense Corp.","False","2","True","Military","2","-26.78125","-8.71875","15.40625","None","Federation"
"Jastreb Sector GH-M a7-0","32.2287054211769","Origin Systems United","False","1","True","Service","2","-17.53125","-26.28125","-6.375","None","Federation"
"AU Microscopii","32.328831100312","Hutton Orbital Truckers Co-Operative","False","15","True","Industrial","3","-5.8125","-19.65625","25.0","None","Independent"
"Core Sys Sector ON-T b3-7","32.3449577069209","Lost Legion","False","10","True","Industrial","7","21.65625","-3.625","23.75","None","Independent"
"Core Sys Sector TO-R a4-0","32.3501050519933","Hoko Vision Corp.","False","9","True","Service","1","-16.4375","-27.84375","1.03125","None","Federation"
"LFT 65","32.3885257701319","Earth Defense Fleet","False","23","True","Extraction","42","-2.96875","-32.25","-0.375","Expansion","Federation"
"Core Sys Sector YU-P a5-1","32.4157712628051","Izumo Heavy Industries Ltd","False","2","True","Service","3","-6.875","-31.28125","5.0","Expansion","Federation"
"Core Sys Sector WO-R a4-3","32.5019981356916","Elite Fleet Republican Consortium","False","7","True","Industrial","5","12.5","-29.9375","1.96875","None","Independent"
"LHS 252","32.5664734859717","Earth Defense Fleet","False","3","True","Military","6","-10.09375","19.5625","-24.0","Expansion","Federation"
"Veren's Stop","32.5905439458672","Elite Fleet Republican Consortium","False","14","True","Extraction","12","-12.96875","21.96875","20.28125","Outbreak","Independent"
"LHS 1302","32.6414140940998","Hutton Orbital Truckers Co-Operative","False","11","True","Industrial","1","-4.875","-29.5","-13.09375","None","Independent"
"Lorana","32.642640704874","Earth Defense Fleet","False","4","True","High Tech","4","-24.78125","1.09375","-21.21875","Expansion","Federation"
"Apan","32.6521378989952","Earth Defense Fleet","False","2","True","Military","6","-4.53125","-7.03125","-31.5625","Expansion","Federation"
"LFT 1061","32.6782670994807","The Dark Wheel","False","21","True","High Tech","8","7.59375","26.875","16.96875","Boom","Independent"
"Core Sys Sector UO-R a4-1","32.772922560019","Izumo Heavy Industries Ltd","False","6","True","Industrial","4","-11.75","-30.59375","0.15625","Expansion","Federation"
"Tascheter Sector GX-K a8-1","32.782828846631","Hutton Orbital Truckers Co-Operative","False","10","True","Industrial","8","-12.53125","-25.78125","-15.90625","Bust","Independent"
"Jastreb Sector PT-R b4-7","32.7956951014535","Equestrian Naval Fleet","False","11","True","Industrial","44","-32.15625","6.15625","1.90625","Expansion","Independent"
"DX 1217","32.9953979982436","New Pilots Initiative","False","2","True","Service","1","7.5","32.125","-0.65625","Expansion","Independent"
"Wolf 1062","33.0911826199594","Aurora Australis Axiom","False","1","True","Military","1","-20.46875","-2.21875","25.90625","None","Independent"
"Jastreb Sector PT-R b4-8","33.1087814069017","Elite Rebel Force","False","3","True","Military","1","-32.25","7.0625","2.5","None","Federation"
"Ross 52","33.1436415706316","New Pilots Initiative","False","2","True","Military","2","-8.4375","29.15625","13.3125","Expansion","Independent"
"LHS 476","33.1560290991699","Elite Rebel Force","False","8","True","High Tech","24","-27.09375","1.75","19.03125","None","Federation"
"Core Sys Sector ON-T b3-3","33.1592541051891","Hutton Orbital Truckers Co-Operative","False","2","True","Military","4","24.46875","12.5","18.5625","None","Independent"
"LHS 273","33.274676580885","Minutemen","False","2","True","High Tech","1","28.5625","14.5625","-8.90625","Expansion","Federation"
"Core Sys Sector WO-R a4-1","33.2993788652656","Black Sails Sq.69","False","1","True","Military","1","10.4375","-31.28125","4.625","None","Federation"
"DP Draconis","33.3169116450265","Blue Nemesis","False","2","True","Military","4","-17.5","25.96875","-11.375","None","Federation"
"Caer Sidi","33.3812903716288","The Dark Wheel","False","2","True","High Tech","3","15.3125","22.59375","19.21875","None","Independent"
"Wolf 1340","33.4203080803798","TL Armoured Transport Company","False","13","True","Industrial","3","-22.34375","-21.78125","11.96875","Boom","Federation"
"Core Sys Sector ZU-P a5-0","33.544163985707","Partnership of Stopover","False","8","True","Industrial","2","-3.5625","-32.625","6.9375","None","Federation"
"Core Sys Sector CB-O a6-5","33.6803969784354","TL Armoured Transport Company","False","11","True","Extraction","2","-7.25","-26.78125","19.09375","None","Federation"
"Dethall","33.8626880301166","Minutemen","False","7","True","Industrial","3","19.625","21.15625","17.71875","Expansion","Federation"
"Gweir","33.9553935332813","Aetas Eternum","False","2","True","Military","1","3.125","31.75","-11.625","None","Federation"
"V546 Persei","34.0276341054223","Tharsis Corporation","False","20","True","High Tech","2","-10.46875","-3.5","-32.1875","None","Federation"
"Jastreb Sector IH-M a7-1","34.1676416273497","Hutton Orbital Truckers Co-Operative","False","8","True","High Tech","13","-2.03125","-32.1875","-11.28125","None","Independent"
"Pyredi","34.2207619271547","Gold Legal Solutions","False","6","True","Industrial","10","-25.65625","-10.5625","20.03125","Boom","Federation"
"LP 271-25","34.3087714276539","Terran Colonial Forces","False","2","True","Military","6","-10.46875","31.84375","7.3125","Expansion","Alliance"
"Lylis Helig","34.372457292322","Earth Defense Fleet","False","4","True","Military","3","2.375","-16.4375","-30.09375","Expansion","Federation"
"Core Sys Sector BV-P a5-0","34.4446595325386","Lu Yupik Creative Network","False","1","True","Extraction","3","22.25","-25.4375","6.65625","Boom","Federation"
"LHS 2211","34.4617371605814","Earth Defense Fleet","False","2","True","Military","1","-12.53125","24.28125","-21.0","Expansion","Federation"
"LHS 1935","34.573065744883","Earth Defense Fleet","False","10","True","Military","3","29.125","0.375","-18.625","Expansion","Federation"
"DN Draconis","34.6745189674637","Blood Brothers from Alrai","False","1","True","Military","1","-27.09375","21.625","0.78125","Expansion","Federation"
"Tascheter Sector CL-Y d121","34.7215626673469","Earth Defense Fleet","False","11","True","Military","1","-11.375","-11.0","-30.90625","Expansion","Federation"
"LP 404-33","34.7246422767751","Teaka Elite Altruists Bagging Cooperative","False","9","True","Industrial","1","-24.6875","-22.75","-8.875","None","Independent"
"Core Sys Sector ON-T b3-5","34.7667591107152","Collective of Independent Agents","False","3","True","Military","4","25.0625","13.53125","19.9375","None","Federation"
"LFT 1454","34.8453194713795","Movement for Hyroks Labour","False","5","True","Military","1","-26.9375","2.4375","21.96875","War","Federation"
"Donner","34.8807818907848","Minutemen","False","1","True","Military","2","31.3125","-13.34375","7.625","Expansion","Federation"
"Wolf 635","34.917676621233","Nobles of Dagr","False","6","True","Industrial","4","-8.875","12.09375","31.53125","None","Alliance"
"Zeta Herculis","34.9322027513654","EG Union","False","2","True","Military","1","-21.34375","22.375","16.25","Expansion","Independent"
"LHS 478","35.03125","The Dark Wheel","False","2","True","Military","2","-31.21875","0.75","15.875","None","Independent"
"LFT 764","35.0318493481289","The Dark Wheel","False","5","True","Military","3","29.3125","18.9375","3.0625","Civil Unrest","Independent"
"Core Sys Sector CB-O a6-1","35.0743908090362","Izumo Heavy Industries Ltd","False","11","True","Industrial","3","-6.75","-27.53125","20.65625","Expansion","Federation"
"Delta Trianguli","35.1902613259336","Hutton Orbital Truckers Co-Operative","False","2","True","Military","2","-19.21875","-14.84375","-25.46875","None","Independent"
"LFT 1324","35.2249606325188","LEGION'S ARMADA","False","2","True","Military","2","-11.0625","12.3125","31.09375","None","Federation"
"Wolf 1478","35.2674076033737","The Dark Wheel","False","8","True","Industrial","1","9.5","24.15625","23.875","None","Independent"
"Shudun Sector AA-A d142","35.375262256095","Ao Guang Jet Comms Co","False","3","True","Industrial","3","-1.15625","34.53125","-7.59375","None","Alliance"
"WISE 0607+2429","35.4211960951702","Earth Defense Fleet","False","13","True","Industrial","3","3.875","1.21875","-35.1875","Expansion","Federation"
"LHS 523","35.5006739592715","Izumo Heavy Industries Ltd","False","2","True","High Tech","1","-15.53125","-28.75","13.875","Expansion","Federation"
"Elphin","35.5464594755933","Blood Brothers from Alrai","False","2","True","Military","11","-30.125","8.1875","-17.0","Expansion","Federation"
"Core Sys Sector EB-O a6-0","35.5730569787374","EG Union","False","9","True","Agriculture","9","11.53125","-26.6875","20.5","Boom","Independent"
"LHS 470","35.5783411554699","Nobles of Dagr","False","17","True","Extraction","5","-22.53125","0.4375","27.53125","None","Alliance"
"Puppis Sector BW-N a6-0","35.5791096976161","Minutemen","False","11","True","High Tech","1","20.53125","-25.8125","-13.34375","Expansion","Federation"
"Ross 79","35.5908416283248","Earth Defense Fleet","False","2","True","Military","7","11.8125","-2.21875","-33.5","Expansion","Federation"
"LFT 1472","35.6505664839284","Federal Republican Guard","False","3","True","Military","1","-24.15625","-2.21875","26.125","None","Federation"
"LAWD 74","35.7080993525979","Zugen Dynasty","False","2","True","Military","3","-17.4375","-6.53125","30.46875","None","Independent"
"Jastreb Sector IH-M a7-0","35.7659628915887","Hutton Orbital Truckers Co-Operative","False","10","True","Industrial","3","-4.375","-33.03125","-13.0","None","Independent"
"Core Sys Sector BB-O a6-3","35.7898188429685","Independents of Sekhenses","False","2","True","Service","1","-15.25","-27.96875","16.3125","None","Federation"
"BPM 17113","35.8346081410834","LTT 1678 Electronics Organisation","False","12","True","Tourism","8","21.71875","-28.5","-0.40625","None","Federation"
"LHS 543","35.8730536275141","Teaka Elite Altruists Bagging Cooperative","False","11","True","Extraction","4","-27.15625","-23.3125","-2.4375","Boom","Independent"
"Jastreb Sector HH-M a7-2","35.8972328755992","Equestrian Naval Fleet","False","1","True","High Tech","1","-12.59375","-32.09375","-10.0","Expansion","Independent"
"Sin","35.8997491939359","Black Hand of Orion","False","9","True","Industrial","20","23.09375","-20.90625","17.84375","Boom","Independent"
"Core Sys Sector ON-T b3-6","35.9049716917797","Collective of Independent Agents","False","2","True","Military","2","30.46875","2.84375","18.78125","None","Federation"
"Core Sys Sector YU-P a5-0","35.9211783588387","Dagdhangjel Incorporated","False","2","True","Service","1","-12.59375","-32.84375","7.28125","None","Federation"
"Connla","35.9575215966701","Nobles of Dagr","False","2","True","High Tech","2","-29.90625","14.5625","13.65625","Outbreak","Alliance"
"LHS 3461","35.9656275795029","Blood Brothers from Alrai","False","3","True","Military","9","-31.34375","14.71875","-9.71875","Expansion","Federation"
"LHS 1038","35.9739760538782","Blood Brothers from Alrai","False","9","True","High Tech","14","-31.46875","-7.46875","-15.75","Expansion","Federation"
"Jastreb Sector HH-M a7-3","35.9888491845044","Hutton Orbital Truckers Co-Operative","False","7","True","Industrial","3","-9.96875","-32.65625","-11.375","None","Independent"
"Core Sys Sector XO-R a4-0","36.0385806723156","Kisaragi & Co","False","1","True","Industrial","1","18.5625","-30.78125","-2.59375","None","Federation"
"Core Sys Sector WO-R a4-2","36.0475353483078","Azimuth Biotech","False","9","True","Industrial","1","13.28125","-33.40625","-2.65625","None","Independent"
"Core Sys Sector WO-R a4-0","36.1267570939463","Black Sails Sq.69","False","11","True","Industrial","4","13.46875","-33.21875","4.5","None","Federation"
"CD-56 1032","36.2270805777598","Lu Yupik Creative Network","False","1","True","Military","4","28.21875","-22.53125","-2.90625","Election","Federation"
"LHS 3413","36.2423483303717","Arbor Caelum Internal Defense","False","5","True","High Tech","7","12.25","-13.8125","31.1875","Civil Unrest","Independent"
"Theta Persei","36.3248956898021","Earth Defense Fleet","False","2","True","Military","3","-22.28125","-5.8125","-28.09375","Expansion","Federation"
"LP 625-34","36.5155280540005","Wolf 636 Silver United Group","False","1","True","Military","1","-9.46875","17.8125","30.4375","None","Federation"
"Core Sys Sector UO-R a4-0","36.6015816768893","Turkish Elite Force","False","1","True","Military","1","-13.375","-34.0","-2.1875","None","Federation"
"Puppis Sector DL-Y d116","36.627479651554","Collective of Independent Agents","False","4","True","Military","4","33.0","2.34375","15.71875","Boom","Federation"
"Core Sys Sector TI-T a3-1","36.6508014919183","Earth Defense Fleet","False","2","True","Industrial","2","19.125","-30.5","-6.875","Expansion","Federation"
"Core Sys Sector QI-T a3-1","36.7395419856114","LFT 168 Electronics Limited","False","1","True","Industrial","1","-9.3125","-34.65625","-7.875","None","Federation"
"Core Sys Sector YJ-R a4-0","36.7517537846835","Azimuth Biotech","False","8","True","High Tech","4","10.1875","-35.125","-3.625","None","Independent"
"LHS 256","36.9130100709763","Earth Defense Fleet","False","2","True","Military","1","-18.0","21.4375","-24.0625","Expansion","Federation"
"Tascheter Sector IX-K a8-3","36.9345123580236","Boop Brigade","False","10","True","Industrial","8","10.46875","-30.375","-18.21875","None","Independent"
"Tascheter Sector GX-K a8-3","37.0051463904009","Orden de Investigacion A-51","False","1","True","Service","1","-12.65625","-29.0625","-19.09375","None","Independent"
"Caer Bran","37.057888625433","Nobles of Dagr","False","10","True","Industrial","31","-31.28125","14.3125","13.78125","None","Alliance"
"11 Leonis Minoris","37.0842974476732","Earth Defense Fleet","False","3","True","High Tech","3","3.78125","27.71875","-24.34375","Expansion","Federation"
"Core Sys Sector CQ-P a5-1","37.1393201548238","Paladin Consortium","False","10","True","Extraction","10","6.03125","-36.25","5.375","None","Independent"
"BD+21 652","37.1924497756265","Earth Defense Fleet","False","2","True","Industrial","1","-2.59375","-11.1875","-35.375","Expansion","Federation"
"OT Serpentis","37.1927254732024","Nobles of Dagr","False","4","True","Extraction","4","-11.125","30.34375","18.40625","Boom","Alliance"
"LHS 1290","37.2395381701358","Hutton Orbital Truckers Co-Operative","False","1","True","Military","1","-11.28125","-30.75","-17.71875","None","Independent"
"Eanric","37.2409411174382","East India Company","False","1","True","Service","6","20.59375","-25.75","17.3125","Civil Liberty","Empire"
"Core Sys Sector SI-T a3-0","37.2417933493407","Turkish Elite Force","False","1","True","Military","1","8.53125","-34.0625","-12.40625","Expansion","Federation"
"Core Sys Sector XO-R a4-1","37.347214797425","East India Company","False","8","True","High Tech","1","18.09375","-32.5","-3.34375","Expansion","Empire"
"Core Sys Sector TI-T a3-2","37.4132460040892","Azimuth Biotech","False","2","True","Industrial","2","19.21875","-31.625","-5.5","None","Independent"
"LHS 2010","37.4611908555041","Minutemen","False","2","True","Industrial","2","37.0625","-2.5","-4.84375","Expansion","Federation"
"LP 275-68","37.4662478313815","New Pilots Initiative","False","1","True","Military","1","-23.34375","25.0625","15.1875","None","Independent"
"LHS 2126","37.5038800076072","Earth Defense Fleet","False","1","True","Military","2","-19.59375","22.25","-22.96875","Expansion","Federation"
"Jastreb Sector HH-M a7-4","37.5265270758566","Hutton Orbital Truckers Co-Operative","False","9","True","Industrial","1","-8.71875","-34.8125","-10.96875","None","Independent"
"DE Bootis","37.5327461192223","Nobles of Dagr","False","1","True","High Tech","1","-7.4375","32.625","17.0","None","Alliance"
"Core Sys Sector RT-R b4-5","37.5577680047683","The Altruists","False","18","True","Industrial","12","3.8125","3.625","37.1875","None","Independent"
"LFT 671","37.6319812875299","Earth Defense Fleet","False","1","True","Military","2","-17.875","24.09375","-22.71875","Expansion","Federation"
"Core Sys Sector SI-T a3-2","37.6323056653124","Turkish Elite Force","False","7","True","Industrial","1","7.71875","-34.28125","-13.46875","Expansion","Federation"
"Core Sys Sector DB-O a6-0","37.6532415810711","Izumo Heavy Industries Ltd","False","8","True","High Tech","3","-2.5625","-33.59375","16.8125","Expansion","Federation"
"Ross 868","37.8082125668485","People's Ross 860 Independents","False","2","True","Military","2","-24.6875","19.125","21.3125","None","Federation"
"Core Sys Sector QT-R b4-5","37.8882247951128","The Altruists","False","2","True","Military","1","-8.40625","-4.84375","36.625","None","Independent"
"Ross 271","37.9264038550322","Equestrian Naval Fleet","False","2","True","Military","3","-32.09375","-19.1875","6.34375","Expansion","Independent"
"Zeta Doradus","37.9819807194807","Charunder Industry","False","1","True","Military","3","30.40625","-22.65625","-2.1875","None","Federation"
"Yin Sector IR-W c1-28","38.0066940033266","Minutemen","False","2","True","Industrial","2","32.25","14.90625","-13.5","Expansion","Federation"
"Core Sys Sector YO-R a4-0","38.0725689678606","Natural Macalites Regulatory State","False","11","True","Industrial","6","25.25","-28.3125","-3.21875","None","Independent"
"Bran","38.0778012142574","Arbor Caelum Internal Defense","False","1","True","Military","4","27.15625","2.625","26.5625","Boom","Independent"
"Porrima","38.0821224050735","G 14-6 Crimson Bridge Inc","False","2","True","Industrial","4","16.0625","33.34375","8.96875","None","Federation"
"G 125-3","38.1028367956377","501st Legion","False","2","True","Industrial","5","-35.21875","7.6875","12.34375","None","Federation"
"24 Iota Pegasi","38.2517871314531","Equestrian Naval Fleet","False","1","True","Military","1","-34.5625","-15.8125","4.3125","Expansion","Independent"
"Core Sys Sector SI-T a3-1","38.2595729442319","Turkish Elite Force","False","1","True","Military","1","10.4375","-34.15625","-13.71875","Expansion","Federation"
"Tascheter Sector MN-T b3-6","38.2943217478127","Sirius Corporation","False","18","True","Industrial","20","-11.875","-21.96875","-29.03125","None","Independent"
"Core Sys Sector CQ-P a5-2","38.3022901363287","Azimuth Biotech","False","1","True","Military","1","8.15625","-37.03125","5.40625","None","Independent"
"LHS 396","38.3121686364137","Elite Fleet Republican Consortium","False","1","True","Industrial","1","-9.875","30.84375","20.46875","Expansion","Independent"
"Core Sys Sector FB-O a6-1","38.3825699984707","Starblazer Corp","False","1","True","High Tech","1","16.03125","-30.90625","16.15625","Blight","Independent"
"Core Sys Sector CB-O a6-3","38.4131528581032","Izumo Heavy Industries Ltd","False","1","True","Military","2","-6.4375","-28.5","24.9375","Expansion","Federation"
"Jastreb Sector HH-M a7-0","38.5216558412278","Hutton Orbital Truckers Co-Operative","False","1","True","Military","1","-12.3125","-33.9375","-13.4375","None","Independent"
"Core Sys Sector DB-O a6-2","38.5944584955211","Izumo Heavy Industries Ltd","False","15","True","Industrial","5","-4.65625","-32.5625","20.1875","Expansion","Federation"
"Core Sys Sector EB-O a6-3","38.6515255803377","East India Company","False","1","True","Military","2","9.34375","-33.90625","16.03125","None","Empire"
"Yin Sector IR-W c1-29","38.6536478509791","Minutemen","False","1","True","Military","2","34.21875","13.84375","-11.46875","Expansion","Federation"
"VV Lyncis","38.7157863070738","Earth Defense Fleet","False","2","True","Military","4","1.90625","15.6875","-35.34375","Expansion","Federation"
"LHS 1504","38.765357339866","Earth Defense Fleet","False","9","True","Industrial","5","-5.40625","-24.96875","-29.15625","Expansion","Federation"
"Core Sys Sector EB-O a6-2","38.8400164134878","Earth Defense Fleet","False","10","True","Industrial","15","12.625","-32.625","16.875","Expansion","Federation"
"Glaston","38.8894416503374","Elite Rebel Force","False","7","True","Industrial","7","-37.78125","6.6875","6.34375","None","Federation"
"Core Sys Sector EB-O a6-1","38.9093246777042","EG Union","False","10","True","Industrial","3","13.46875","-32.65625","16.3125","Expansion","Independent"
"Core Sys Sector QT-R b4-6","38.9811026933244","Nobles of Dagr","False","2","True","Military","1","-14.78125","8.59375","35.03125","None","Alliance"
"LHS 457","39.0607624613563","501st Legion","False","2","True","High Tech","1","-31.75","16.65625","15.5","None","Federation"
"Core Sys Sector DL-Y d133","39.0726111913768","Collective of Independent Agents","False","1","True","Military","9","33.0625","11.84375","17.125","Boom","Federation"
"LHS 362","39.0819826414615","Federal Expansion Initiative","False","2","True","Military","2","-3.21875","38.03125","8.40625","None","Federation"
"Core Sys Sector CB-O a6-2","39.0974593563955","Izumo Heavy Industries Ltd","False","10","True","Industrial","1","-10.0","-30.53125","22.28125","Expansion","Federation"
"Wolf 654","39.1397486179332","Nobles of Dagr","False","12","True","Industrial","1","-28.46875","22.40625","14.8125","None","Alliance"
"LP 671-11","39.14693374806","Confederation of LFT 698","False","2","True","Tourism","2","26.9375","28.03125","-4.59375","Boom","Federation"
"Core Sys Sector FB-O a6-3","39.2389141390597","Allied Tauernonese Dominion","False","9","True","Industrial","5","21.78125","-27.9375","16.875","None","Independent"
"Jastreb Sector GR-W c1-27","39.3276501014236","Blood Brothers from Alrai","False","2","True","High Tech","6","-36.8125","9.5","-10.0625","Expansion","Federation"
"LHS 18","39.3562207201733","Blood Brothers from Alrai","False","10","True","Industrial","18","-28.28125","9.1875","-25.78125","Expansion","Federation"
"Core Sys Sector MS-T b3-6","39.4675870770877","Minutemen","False","1","True","Military","1","20.78125","21.09375","26.09375","Expansion","Federation"
"LFT 377","39.5238876543351","Earth Defense Fleet","False","2","True","Military","1","19.9375","-21.65625","-26.375","Expansion","Federation"
"Lambda Serpentis","39.535560535738","Elite Fleet Republican Consortium","False","1","True","High Tech","1","-7.90625","27.21875","27.5625","Expansion","Independent"
"Tascheter Sector HX-K a8-1","39.5913944642646","LP 532-81 United Corp.","False","2","True","Industrial","1","-3.03125","-32.5","-22.40625","None","Federation"
"Saxon","39.607374826224","EG Union","False","7","True","Industrial","12","7.53125","-24.625","30.09375","None","Independent"
"LFT 667","39.6767332836576","Binkkerton State Holdings","False","2","True","Military","1","13.125","28.84375","-23.875","Outbreak","Federation"
"Tascheter Sector HX-K a8-2","39.7248962593044","Hutton Orbital Truckers Co-Operative","False","2","True","Military","2","2.125","-34.71875","-19.1875","None","Independent"
"Core Sys Sector BQ-P a5-2","39.7309309606508","Azimuth Biotech","False","9","True","Industrial","4","1.125","-38.875","8.125","Boom","Independent"
"LP 798-25","39.7535007302816","GQ Virginis General Corporation","False","1","True","Military","1","17.875","28.1875","21.59375","None","Federation"
"Glesting","39.786159359286","Tharsis Corporation","False","1","True","Military","2","-13.15625","17.5625","-33.1875","None","Federation"
"Caerdroia","39.8070296477268","Minutemen","False","4","True","Industrial","2","37.84375","3.59375","-11.8125","Expansion","Federation"
"2MASS J07464256+2000321 A","39.8102187336995","Earth Defense Fleet","False","2","True","Industrial","1","12.96875","14.15625","-34.875","Expansion","Federation"
"Liasstrata","39.8167800878285","Equestrian Naval Fleet","False","1","True","High Tech","1","-17.65625","-28.4375","-21.5625","Expansion","Independent"
"Core Sys Sector CB-O a6-0","39.8624833411693","Dagdhangjel Incorporated","False","9","True","High Tech","18","-13.21875","-34.25","15.53125","None","Federation"
"Core Sys Sector VJ-R a4-0","39.893155643387","Dagdhangjel Incorporated","False","1","True","Extraction","2","-18.21875","-35.34375","3.21875","None","Federation"
"Tascheter Sector GX-K a8-0","39.918936413374","Hutton Orbital Truckers Co-Operative","False","8","True","Tourism","5","-14.21875","-32.6875","-17.96875","Boom","Independent"
"Core Sys Sector HH-M a7-2","39.9296622786557","Izumo Heavy Industries Ltd","False","9","True","Industrial","2","-0.15625","-29.15625","27.28125","Expansion","Federation"
"LTT 1212","39.9484653373881","Kamuy Independents","False","2","True","Industrial","1","16.0625","9.875","35.21875","None","Federation"
"Jastreb Sector JC-M a7-2","39.9585356377395","LFT 142 Liberals","False","1","True","Military","1","-8.75","-36.8125","-12.84375","None","Federation"
"Gullion","39.9719383990194","Elite Fleet Republican Consortium","False","8","True","Extraction","4","8.40625","17.0625","35.15625","Expansion","Independent"
"Tascheter Sector GX-K a8-2","39.9843108879908","Hutton Orbital Truckers Co-Operative","False","12","True","Industrial","1","-14.78125","-31.71875","-19.34375","None","Independent"
"Ross 401","40.0868929249325","Earth Defense Fleet","False","7","True","Military","1","8.03125","-15.1875","-36.21875","Expansion","Federation"
"LFT 668","40.0871487161098","Terran Colonial Forces","False","1","True","Service","1","-19.03125","25.65625","-24.21875","Expansion","Alliance"
"G 85-52","40.1122205116471","Earth Defense Fleet","False","4","True","Military","3","2.78125","-7.46875","-39.3125","Expansion","Federation"
"Core Sys Sector CB-O a6-4","40.1447089446418","Izumo Heavy Industries Ltd","False","1","True","Military","3","-7.75","-31.75","23.3125","Expansion","Federation"
"Shudun Sector AA-A d133","40.2576298086773","The Dark Wheel","False","2","True","High Tech","3","-24.6875","22.71875","22.25","None","Independent"
"LHS 2191","40.2698538960908","Taliesin Crimson Fortune Systems","False","3","True","High Tech","3","-13.03125","28.3125","-25.5","None","Federation"
"LP 475-70","40.2703995277549","Earth Defense Fleet","False","2","True","Tourism","1","1.90625","-16.90625","-36.5","Expansion","Federation"
"G 97-20","40.2873710438519","Earth Defense Fleet","False","3","True","High Tech","2","3.03125","-9.25","-39.09375","Expansion","Federation"
"Core Sys Sector SO-R b4-4","40.2928246558863","Gilgamesh Corps Orbital Protection","False","1","True","Military","2","-12.4375","-5.4375","37.9375","Expansion","Independent"
"Lisle","40.2948725995318","Elite Rebel Force","False","1","True","Military","1","-36.78125","-13.4375","9.5","None","Federation"
"LHS 129","40.3092658586397","Paladin Consortium","False","14","True","Extraction","2","1.0625","-40.28125","-1.0625","None","Independent"
"Core Sys Sector DB-O a6-1","40.3219707867187","Izumo Heavy Industries Ltd","False","2","True","Service","2","-4.09375","-34.84375","19.875","Expansion","Federation"
"LHS 3281","40.3883975449633","New Pilots Initiative","False","11","True","Industrial","1","-30.8125","22.5","13.25","Expansion","Independent"
"Tascheter Sector HX-K a8-0","40.4306287631976","Hutton Orbital Truckers Co-Operative","False","7","True","Industrial","2","-2.78125","-33.15625","-22.96875","None","Independent"
"Core Sys Sector XJ-R a4-0","40.4387074781081","Azimuth Biotech","False","9","True","Military","1","2.0625","-40.25","-3.3125","None","Independent"
"Core Sys Sector SD-T a3-3","40.5213822799149","LFT 142 Liberals","False","8","True","Industrial","3","-11.84375","-36.9375","-11.71875","None","Federation"
"L 268-67","40.6665772817494","Luyten 347-14 Confederation","False","1","True","High Tech","2","15.71875","-5.75","37.0625","None","Federation"
"Core Sys Sector XJ-R a4-1","40.7082800238477","Paladin Consortium","False","9","True","Industrial","8","-3.75","-40.4375","-2.8125","None","Independent"
"LHS 3744","40.7230187708684","Izumo Heavy Industries Ltd","False","10","True","Extraction","3","-14.78125","-31.4375","21.25","Expansion","Federation"
"LHS 1955","40.765741783083","Earth Defense Fleet","False","2","True","Service","1","37.21875","-0.46875","-16.625","Expansion","Federation"
"DX 507","40.7976619274929","Earth Defense Fleet","False","9","True","Service","1","13.1875","17.9375","-34.1875","Expansion","Federation"
"Core Sys Sector XU-P a5-1","40.8218069403475","Izumo Heavy Industries Ltd","False","1","True","Extraction","2","-20.90625","-31.9375","14.46875","Expansion","Federation"
"Core Sys Sector DL-Y d127","40.8469179146359","Old Space Cowboys ABDE","False","1","True","Military","1","17.53125","2.875","36.78125","None","Federation"
"Tascheter Sector GW-W c1-17","40.8492010517036","Earth Defense Fleet","False","11","True","Industrial","3","26.8125","-7.6875","-29.84375","Expansion","Federation"
"Core Sys Sector ZP-P a5-3","40.863697787584","TL Armoured Transport Company","False","10","True","Industrial","9","-16.96875","-36.34375","7.8125","None","Federation"
"Core Sys Sector VJ-R a4-1","40.8981920061878","TL Armoured Transport Company","False","12","True","Industrial","1","-16.21875","-37.21875","4.9375","None","Federation"
"LFT 193","40.9379532417658","Azimuth Biotech","False","2","True","Military","2","10.5","-38.71875","-8.15625","None","Independent"
"Core Sys Sector WU-P a5-1","40.9450971004161","Tibis Alliance","False","2","True","Service","1","-29.625","-25.53125","12.125","None","Federation"
"LHS 1593","40.9498311580768","Earth Defense Fleet","False","10","True","Industrial","4","-0.53125","-23.09375","-33.8125","Expansion","Federation"
"Core Sys Sector ZJ-R a4-0","40.9748517576635","Viracocha Services","False","1","True","Industrial","1","20.875","-35.25","0.78125","None","Federation"
"Fianna","41.0426250416868","The Dark Wheel","False","5","True","Extraction","22","28.5625","27.34375","11.0","Civil Liberty","Independent"
"LHS 119","41.0545678221376","Teaka Elite Altruists Bagging Cooperative","False","2","True","Military","2","-30.15625","-21.875","-17.25","None","Independent"
"Tascheter Sector IS-K a8-1","41.174457343115","LFT 142 Liberals","False","9","True","Industrial","6","-12.1875","-35.375","-17.1875","None","Federation"
"Tascheter Sector GW-W c1-18","41.1975755885586","Earth Defense Fleet","False","1","True","Military","1","26.34375","-9.6875","-30.15625","Expansion","Federation"
"Jastreb Sector FW-N a6-0","41.1995667073696","League of Seediansi","False","7","True","Industrial","12","-14.09375","-35.28125","-15.9375","None","Federation"
"LHS 3583","41.2592910937949","Earth Defense Fleet","False","12","True","Industrial","7","26.5625","-21.1875","23.40625","Expansion","Federation"
"Core Sys Sector YJ-R a4-1","41.2744837376859","Earth Defense Fleet","False","5","True","Refinery","11","5.4375","-40.71875","-4.0","Expansion","Federation"
"LP 658-72","41.2870099123199","Earth Defense Fleet","False","10","True","Industrial","5","20.0625","-14.3125","-33.125","Expansion","Federation"
"LFT 507","41.2945545365851","Earth Defense Fleet","False","5","True","Industrial","1","26.4375","-0.46875","-31.71875","Expansion","Federation"
"Core Sys Sector WU-P a5-2","41.3120508674527","Tibis Alliance","False","9","True","Industrial","3","-25.8125","-30.59375","10.21875","None","Federation"
"LHS 40","41.3218361235921","Minutemen","False","10","True","Industrial","22","38.59375","2.03125","14.625","Expansion","Federation"
"Tascheter Sector IX-K a8-1","41.337797190495","Tau-1 Eridani Shared","False","10","True","High Tech","1","7.125","-33.75","-22.78125","None","Independent"
"LHS 3511","41.344139737392","V1285 Aquilae Nobles","False","3","True","Service","1","-29.375","-9.40625","27.53125","Civil Unrest","Independent"
"LHS 501","41.3591831550141","Independents of Sekhenses","False","20","True","Industrial","7","-19.125","-23.0","28.5625","None","Federation"
"LHS 3277","41.387908673609","Nobles of Dagr","False","10","True","Industrial","6","-20.3125","18.15625","31.15625","None","Alliance"
"Core Sys Sector WU-P a5-0","41.3964964927589","Tibis Alliance","False","1","True","Service","1","-28.78125","-26.6875","13.15625","None","Federation"
"Core Sys Sector YO-R a4-1","41.4414826517464","Lu Yupik Creative Network","False","1","True","Extraction","1","27.3125","-31.15625","-0.84375","Boom","Federation"
"Sliotar","41.5819620786766","Hutton Orbital Truckers Co-Operative","False","2","True","Military","2","-28.65625","-13.5","-26.9375","None","Independent"
"LP 438-8","41.5981989544019","Federal Expansion Initiative","False","2","True","Service","1","2.0","40.25","10.3125","None","Federation"
"Cathbadah","41.6137958832465","The Dark Wheel","False","1","True","Military","1","25.71875","32.0625","6.5","None","Independent"
"Core Sys Sector XU-P a5-2","41.743426690618","Teaka Elite Altruists Bagging Cooperative","False","1","True","Service","1","-21.4375","-33.53125","12.59375","None","Independent"
"Maev","41.7575428253687","Earth Defense Fleet","False","9","True","Industrial","8","-10.75","19.96875","-35.0625","Expansion","Federation"
"LP 103-294","41.760571266447","Blue Nemesis","False","1","True","High Tech","1","-37.1875","19.0","-0.1875","None","Federation"
"LP 658-44","41.7802799999593","Earth Defense Fleet","False","9","True","Industrial","2","19.8125","-12.84375","-34.46875","Expansion","Federation"
"Nessa","41.7945238824717","Nobles of Dagr","False","11","True","Industrial","48","-17.34375","18.5625","33.1875","None","Alliance"
"Core Sys Sector TD-T a3-3","41.7985426069199","Azimuth Biotech","False","14","True","Industrial","54","-0.71875","-39.9375","-12.3125","None","Independent"
"Core Sys Sector TD-T a3-2","41.8722480439013","Azimuth Biotech","False","9","True","Industrial","3","-2.75","-40.6875","-9.5","None","Independent"
"Tascheter Sector DR-M a7-0","41.8733325227704","Earth Defense Fleet","False","1","True","Extraction","1","-3.25","-29.03125","-30.0","Expansion","Federation"
"LHS 3398","42.0278925238942","Liberals of Fusang","False","1","True","Military","2","-13.625","-3.25","39.625","Boom","Federation"
"Core Sys Sector VJ-R a4-2","42.0670270595035","ZZ Piscium Bridge Commodities","False","2","True","Service","1","-16.59375","-38.5","3.46875","None","Federation"
"Core Sys Sector BB-O a6-1","42.0833204414172","Teaka Elite Altruists Bagging Cooperative","False","9","True","Industrial","1","-19.15625","-32.8125","18.09375","None","Independent"
"LTT 9587","42.0946431790911","Izumo Heavy Industries Ltd","False","2","True","Military","5","-12.84375","-39.3125","7.84375","Expansion","Federation"
"Core Sys Sector BQ-P a5-1","42.1737709142187","Azimuth Biotech","False","1","True","Military","1","1.53125","-40.71875","10.875","Election","Independent"
"Puppis Sector QD-T b3-6","42.2238500805528","Minutemen","False","12","True","Industrial","3","38.15625","-14.375","10.96875","Expansion","Federation"
"CD-53 570","42.2624334515891","Earth Defense Fleet","False","2","True","Military","3","23.6875","-35.0","0.125","Expansion","Federation"
"TRAPPIST-1","42.3629453724006","Gliese 875 Allied Exchange","False","12","True","Extraction","6","-21.65625","-35.0","10.03125","None","Federation"
"Tascheter Sector IX-K a8-0","42.3780995363466","Turkish Elite Force","False","4","True","Military","6","6.25","-34.9375","-23.15625","Expansion","Federation"
"Core Sys Sector TO-R a4-1","42.3964731728949","C.O.N.T.R.A.I.L","False","9","True","Industrial","1","-24.375","-34.6875","0.3125","None","Independent"
"Core Sys Sector ZP-P a5-0","42.4534326681895","Dagdhangjel Incorporated","False","12","True","Industrial","3","-15.5","-37.90625","11.1875","None","Federation"
"Andoe","42.5467344149348","Earth Defense Fleet","False","2","True","Military","10","-33.34375","1.0625","-26.40625","Expansion","Federation"
"Core Sys Sector FW-N a6-3","42.6119275225552","Izumo Heavy Industries Ltd","False","1","True","Military","4","-2.96875","-38.78125","17.40625","Expansion","Federation"
"LHS 3093","42.658218819033","Wolf 406 Transport & Co","False","2","True","Military","1","4.78125","22.875","35.6875","Expansion","Alliance"
"Fergus","42.7017500007318","Lu Yupik Creative Network","False","7","True","Service","8","24.625","-29.15625","19.15625","Civil Unrest","Federation"
"Core Sys Sector GW-N a6-3","42.7317555184373","Segais Liberals","False","1","True","High Tech","1","10.28125","-38.09375","16.40625","None","Federation"
"Ross 837","42.8894950898527","Movement for Arcturus Liberals","False","2","True","Military","2","1.8125","39.9375","15.53125","None","Federation"
"Wolf 414","42.9701590678054","Movement for Shoujeman Free","False","2","True","Service","1","13.65625","40.5","4.4375","None","Federation"
"LFT 1728","42.9885181800036","Nanabozho Transport Holdings","False","2","True","Military","4","18.0","-31.40625","23.1875","None","Federation"
"Core Sys Sector HH-M a7-0","43.0150318929325","Izumo Heavy Industries Ltd","False","2","True","Industrial","1","-4.0625","-33.1875","27.0625","Expansion","Federation"
"Puppis Sector FW-W c1-22","43.1043202228617","LP 908-11 Independents","False","3","True","Military","2","32.65625","26.71875","8.8125","None","Federation"
"Core Sys Sector FW-N a6-2","43.2794110620165","Izumo Heavy Industries Ltd","False","10","True","Industrial","4","-4.71875","-40.15625","15.4375","Expansion","Federation"
"Core Sys Sector YO-R a4-3","43.2933760089231","Tau Ceti Crimson Legal Solutions","False","9","True","Extraction","13","26.1875","-34.375","2.625","None","Federation"
"Tascheter Sector IS-K a8-2","43.3040440879948","Hutton Orbital Truckers Co-Operative","False","10","True","Industrial","1","-14.59375","-35.1875","-20.59375","Boom","Independent"
"LHS 1642","43.3471745222512","United LHS 1446 Independents","False","2","True","Military","1","-21.125","0.75","-37.84375","War","Federation"
"Diyu","43.3588541635385","Old Space Cowboys ABDE","False","2","True","Industrial","1","1.65625","-12.65625","41.4375","None","Federation"
"Core Sys Sector VJ-R a4-3","43.3659370034535","The Void, Inc.","False","11","True","Industrial","2","-18.03125","-39.15625","-4.71875","None","Federation"
"Core Sys Sector SD-T a3-4","43.4315306150094","Ronin Inc","False","4","True","Industrial","3","-7.59375","-41.0625","-11.9375","None","Federation"
"LHS 3056","43.4704124412513","Elite Fleet Republican Consortium","False","19","True","Extraction","14","6.25","25.78125","34.4375","Expansion","Independent"
"LFT 460","43.491232503661","Charunder Industry","False","2","True","Military","2","37.09375","-18.59375","-13.03125","None","Federation"
"Youdu","43.4920183949021","Democrats of LHS 278","False","8","True","Industrial","6","-7.84375","33.875","-26.125","None","Federation"
"LHS 516","43.493691173261","Aristocrats of LTT 8679","False","1","True","Military","1","-27.28125","-28.65625","18.0625","None","Independent"
"Core Sys Sector YO-R a4-2","43.5735056040365","Democrats of Benoit","False","13","True","Industrial","2","27.75","-33.59375","0.21875","Expansion","Federation"
"Ross 863","43.5800381661432","Nobles of Dagr","False","10","True","Refinery","6","-25.15625","22.8125","27.3125","None","Alliance"
"Core Sys Sector RD-T a3-0","43.604154224397","Equestrian Naval Fleet","False","1","True","Service","1","-18.96875","-37.875","-10.34375","Expansion","Independent"
"Core Sys Sector BB-O a6-0","43.6232762911614","Independents of LFT 1723","False","1","True","Industrial","3","-23.8125","-31.96875","17.71875","None","Federation"
"Puppis Sector DL-Y d106","43.6276973557223","The Dark Wheel","False","9","True","Industrial","17","41.5625","13.15625","-1.6875","None","Independent"
"LHS 1084","43.6352177324979","Izumo Heavy Industries Ltd","False","2","True","Military","2","-15.0625","-40.6875","-4.65625","Expansion","Federation"
"Core Sys Sector FB-O a6-2","43.7053455147365","Starblazer Corp","False","6","True","Industrial","1","15.8125","-32.4375","24.65625","Lockdown","Independent"
"Avici","43.7098253042151","Federal Expansion Initiative","False","2","True","Military","3","-5.75","42.53125","8.28125","Boom","Federation"
"V375 Pavonis","43.71252859593","Arbor Caelum Internal Defense","False","2","True","Service","1","18.25","-23.1875","32.25","None","Independent"
"Core Sys Sector BQ-P a5-3","43.7133998692049","Azimuth Biotech","False","7","True","Industrial","2","3.125","-42.84375","8.09375","Boom","Independent"
"Ross 587","43.8907890927869","Earth Defense Fleet","False","1","True","Service","2","-11.96875","-9.71875","-41.09375","Expansion","Federation"
"Core Sys Sector ZP-P a5-1","43.8976971206919","Izumo Heavy Industries Ltd","False","10","True","High Tech","7","-18.25","-37.8125","12.8125","Expansion","Federation"
"Jastreb Sector CB-O a6-0","43.9059942163368","Origin Systems United","False","9","True","Industrial","3","-20.96875","-35.0","-16.21875","None","Federation"
"NN 3709","44.0465840048919","The Dark Wheel","False","23","True","Extraction","9","30.75","29.4375","11.3125","Boom","Independent"
"Core Sys Sector GB-O a6-1","44.051339455373","LHS 145 Inc","False","11","True","Industrial","5","26.46875","-30.375","17.8125","None","Federation"
"NN 3009","44.0664891811227","Paladin Consortium","False","4","True","High Tech","1","16.1875","-37.8125","15.8125","None","Independent"
"Jastreb Sector CB-O a6-1","44.0669545620638","The Void, Inc.","False","2","True","Military","2","-21.21875","-34.1875","-17.96875","None","Federation"
"Core Sys Sector GH-M a7-3","44.1712532013186","Space Poultry","False","10","True","Industrial","5","-12.5625","-27.84375","31.90625","War","Federation"
"Tascheter Sector JS-K a8-1","44.2096501237286","Turkish Elite Force","False","13","True","Industrial","19","0.25","-39.25","-20.34375","None","Federation"
"Core Sys Sector UI-T a3-0","44.2390633553933","Vulcan Coalition","False","2","True","Service","2","25.3125","-33.8125","-13.15625","None","Independent"
"LTT 57","44.2421426639805","Wolf 636 Silver United Group","False","2","True","Military","1","-17.3125","14.9375","37.875","None","Federation"
"Yinfu","44.3988932153719","Alliance Democratic Network","False","1","True","Military","2","-39.9375","16.1875","-10.6875","Boom","Alliance"
"Yinsi","44.4173873260799","The Dark Wheel","False","2","True","Military","4","21.59375","-9.78125","37.5625","None","Independent"
"Core Sys Sector CQ-P a5-0","44.4202783963867","Azimuth Biotech","False","10","True","Industrial","9","6.75","-43.5625","5.46875","Boom","Independent"
"Wolf 417","44.4945133555813","LHS 2541 Alliance Combine","False","2","True","Industrial","3","13.6875","42.0625","4.8125","None","Alliance"
"Core Sys Sector CV-P a5-2","44.512879982933","LHS 145 Inc","False","1","True","Extraction","1","26.40625","-32.90625","14.1875","None","Federation"
"Tascheter Sector GR-M a7-3","44.5997061544412","Earth Defense Fleet","False","7","True","Industrial","7","25.125","-26.75","-25.34375","Expansion","Federation"
"V439 Andromedae","44.6113533930826","Blood Brothers from Alrai","False","2","True","High Tech","2","-34.8125","-24.09375","-14.0625","Expansion","Federation"
"Core Sys Sector HH-M a7-1","44.6214765765881","East India Company","False","1","True","Industrial","1","-3.21875","-34.3125","28.34375","None","Empire"
"Core Sys Sector IR-W c1-29","44.6314005388863","EG Union","False","1","True","Military","3","26.21875","6.3125","35.5625","Lockdown","Independent"
"RY Sextantis","44.6587429325155","Wolf 406 Transport & Co","False","19","True","High Tech","19","24.625","34.6875","-13.59375","Expansion","Alliance"
"Alshain","44.6779600831047","Gold Legal Solutions","False","2","True","Military","3","-31.78125","-8.96875","30.09375","Boom","Federation"
"Core Sys Sector UD-T a3-0","44.6976605581881","East India Company","False","9","True","Industrial","3","10.21875","-41.4375","-13.28125","None","Empire"
"Core Sys Sector VD-T a3-2","44.7448932141982","Independent Kausalya Resistance","False","10","True","High Tech","3","23.0625","-37.6875","-7.0625","Boom","Federation"
"Core Sys Sector GH-M a7-1","44.7588263816479","Izumo Heavy Industries Ltd","False","1","True","Extraction","3","-6.125","-34.25","28.15625","Expansion","Federation"
"LFT 628","44.7857748062931","Minutemen","False","2","True","Military","6","44.75","-0.75","-1.625","Expansion","Federation"
"Core Sys Sector TD-T a3-1","44.7970793725718","Ronin Inc","False","1","True","Military","2","-4.625","-42.9375","-11.90625","None","Federation"
"Tascheter Sector JX-K a8-0","44.8217498298817","Movement for LHS 20 Liberals","False","8","True","Industrial","2","16.71875","-34.8125","-22.75","None","Federation"
"Core Sys Sector OI-T a3-1","44.8235037048087","Dimoni Demolition","False","3","True","Service","1","-30.59375","-32.1875","-6.09375","None","Federation"
"Core Sys Sector TD-T a3-0","44.8421275838915","Ronin Inc","False","2","True","Military","2","-3.9375","-42.5","-13.75","None","Federation"
"Core Sys Sector RD-T a3-1","44.8475825888364","Equestrian Naval Fleet","False","1","True","Service","1","-21.0625","-39.21875","-5.4375","Expansion","Independent"
"Quanlu","44.9479842602814","LHS 250 Republic Party","False","1","True","Military","2","-19.4375","26.03125","-31.0625","None","Federation"
"Tascheter Sector JX-K a8-1","44.9524379726784","Movement for LHS 20 Liberals","False","10","True","Industrial","4","18.03125","-34.90625","-21.84375","Civil Liberty","Federation"
"Core Sys Sector GH-M a7-0","44.9843180140313","Izumo Heavy Industries Ltd","False","9","True","Industrial","1","-7.21875","-33.96875","28.59375","Expansion","Federation"
"Core Sys Sector WJ-R a4-1","45.0113375474724","Azimuth Biotech","False","1","True","Service","1","-11.21875","-43.5","-2.8125","Boom","Independent"
"LHS 524","45.1373230230538","Blood Brothers from Alrai","False","2","True","Military","2","-43.53125","-10.90625","-4.84375","Expansion","Federation"
"LHS 551","45.2564524059829","Blood Brothers from Alrai","False","7","True","Industrial","1","-34.09375","-27.8125","-10.59375","None","Federation"
"LTT 6377","45.3072302970232","Wolf 406 Transport & Co","False","8","True","High Tech","4","-1.59375","23.78125","38.53125","Expansion","Alliance"
"Tascheter Sector HS-K a8-0","45.3610731037638","Green Party of Wolf 124","False","11","True","Industrial","6","-15.96875","-37.96875","-19.0","None","Federation"
"LFT 655","45.3622786919374","Binkkerton State Holdings","False","17","True","Military","9","4.28125","33.53125","-30.25","Boom","Federation"
"LHS 366","45.4057338236318","New Pilots Initiative","False","2","True","High Tech","1","4.5625","39.28125","22.3125","None","Independent"
"Core Sys Sector DQ-P a5-0","45.4451184294034","Earth Defense Fleet","False","24","True","Extraction","9","24.75","-37.34375","7.625","Expansion","Federation"
"Core Sys Sector SO-R b4-5","45.4813019616303","Zugen Dynasty","False","12","True","Industrial","4","-16.78125","-5.78125","41.875","Drought","Independent"
"Xirang","45.4965443399276","Progressive Party of L 639-45","False","7","True","Service","2","-13.53125","-33.15625","28.0625","None","Federation"
"Core Sys Sector CV-P a5-1","45.4975316981592","Chambo Life Services","False","11","True","Military","1","29.84375","-31.875","12.78125","None","Federation"
"Kunlun","45.5115670393253","Movement for LHS 20 Liberals","False","3","True","Military","1","15.28125","-34.4375","-25.53125","None","Federation"
"Core Sys Sector HH-M a7-3","45.5583095638161","Izumo Heavy Industries Ltd","False","8","True","Industrial","2","-3.625","-33.5625","30.59375","Expansion","Federation"
"Buzhu","45.5886627559419","Minutemen","False","2","True","Service","4","43.0625","14.09375","5.03125","Expansion","Federation"
"Core Sys Sector AK-R a4-1","45.5945639063748","Earth Defense Fleet","False","1","True","Military","1","25.25","-37.71875","-4.3125","Expansion","Federation"
"Core Sys Sector SD-T a3-1","45.6035587461384","Turkish Elite Force","False","10","True","High Tech","17","-7.65625","-44.25","-7.9375","Expansion","Federation"
"Tascheter Sector CR-M a7-2","45.6367600426181","Earth Defense Fleet","False","12","True","Industrial","2","-12.96875","-29.46875","-32.34375","Expansion","Federation"
"Penglai","45.6549238342646","Collective of Independent Agents","False","7","True","High Tech","4","41.375","19.09375","2.8125","None","Federation"
"Core Sys Sector WJ-R a4-0","45.7577051230173","East India Company","False","12","True","High Tech","1","-12.59375","-43.75","-4.59375","Expansion","Empire"
"Tascheter Sector CR-M a7-0","45.8744145909515","The Fatherhood","False","1","True","Military","2","-7.125","-33.375","-30.65625","None","Federation"
"Core Sys Sector HR-W c1-30","45.8769371185021","Fusang Heavy Engineering","False","4","True","Military","6","-3.03125","-17.46875","42.3125","Boom","Federation"
"LP 449-6","45.9374362244455","Nobles of Dagr","False","1","True","Military","1","-28.71875","14.9375","32.59375","None","Alliance"
"Pinyin","45.9379676846941","Earth Defense Fleet","False","2","True","Industrial","1","5.875","-7.875","-44.875","Expansion","Federation"
"Core Sys Sector CV-P a5-4","45.9588067084264","Falcons' Nest","False","12","True","Industrial","2","32.625","-31.09375","9.0","Expansion","Federation"
"LFT 1361","45.991868336968","Blue Nemesis","False","2","True","Military","5","-38.78125","24.71875","-0.5","None","Federation"
"LHS 3297","46.0214581404696","Blood Brothers from Alrai","False","1","True","Military","2","-36.46875","22.6875","-16.53125","Expansion","Federation"
"Core Sys Sector UO-R b4-4","46.0380913958757","Earth Defense Fleet","False","3","True","Military","2","25.53125","-11.03125","36.6875","Expansion","Federation"
"Core Sys Sector BQ-P a5-0","46.0458861660029","Azimuth Biotech","False","4","True","Military","1","3.0625","-43.71875","14.125","None","Independent"
"Kedre Ralis","46.0534145551391","EG Union","False","13","True","Industrial","6","14.34375","-33.34375","28.34375","None","Independent"
"Tascheter Sector GR-M a7-2","46.2152741255529","Earth Defense Fleet","False","6","True","Industrial","2","25.8125","-26.25","-27.9375","Expansion","Federation"
"LFT 265","46.2245073324205","Blood Brothers from Alrai","False","2","True","Military","2","-29.03125","0.375","-35.96875","Expansion","Federation"
"Gliese 282 C","46.2253946373095","Earth Defense Fleet","False","3","True","Military","4","30.09375","7.1875","-34.34375","Expansion","Federation"
"Gracunha","46.2290598710649","Confederacy of Moepirt","False","4","True","Industrial","1","24.6875","-15.65625","35.8125","None","Federation"
"Core Sys Sector CQ-P a5-3","46.2415532827348","Azimuth Biotech","False","7","True","Industrial","3","8.375","-44.5","9.375","None","Independent"
"Sandafarr","46.2648941389419","Aornum Republic Party","False","9","True","Service","1","7.46875","-32.78125","31.78125","Boom","Federation"
"Puppis Sector DL-Y d117","46.2884236506548","Minutemen","False","2","True","Industrial","1","43.625","-6.59375","14.0","Expansion","Federation"
"Core Sys Sector ZJ-R a4-2","46.3440450091757","Elite Republic Squad","False","8","True","High Tech","1","21.5625","-40.75","4.71875","None","Independent"
"Eeaea","46.3575080724525","Earth Defense Fleet","False","2","True","Military","2","30.65625","7.71875","-33.90625","Expansion","Federation"
"Tascheter Sector GW-W c1-22","46.3695035489383","El Confederation","False","2","True","Military","1","27.59375","-11.8125","-35.34375","None","Federation"
"Tascheter Sector ER-M a7-0","46.3799904659865","Sirius Special Forces","False","9","True","Industrial","1","7.125","-32.46875","-32.34375","None","Federation"
"LHS 399","46.4315482390476","Argus Corporation","False","2","True","Military","3","-13.5625","36.15625","25.78125","Expansion","Federation"
"Core Sys Sector SO-R a4-1","46.4404230237516","C.O.N.T.R.A.I.L","False","5","True","Extraction","3","-32.40625","-33.21875","-1.75","None","Independent"
"Puppis Sector MX-U b2-5","46.4412641475768","Charunder Industry","False","2","True","Military","1","37.28125","-21.125","-17.90625","None","Federation"
"LFT 200","46.4887104070709","Paladin Consortium","False","2","True","Military","2","11.625","-43.84375","-10.1875","None","Independent"
"Core Sys Sector FW-N a6-0","46.5205977565315","Izumo Heavy Industries Ltd","False","8","True","Industrial","11","-4.34375","-42.78125","17.75","Expansion","Federation"
"Circeo","46.5764136091166","EG Union","False","3","True","Military","1","19.96875","-17.46875","38.28125","Expansion","Independent"
"LTT 12102","46.6028872663755","Earth Defense Fleet","False","1","True","Military","1","24.71875","14.5","-36.75","Expansion","Federation"
"G 173-39","46.6171344739517","Tharsis Corporation","False","2","True","High Tech","1","-31.9375","-9.3125","-32.65625","None","Federation"
"Core Sys Sector TO-R b4-7","46.6426009841057","Fusang Heavy Engineering","False","2","True","Service","1","-3.34375","-12.9375","44.6875","None","Federation"
"Core Sys Sector SO-R b4-1","46.6532044384413","Gilgamesh Corps Orbital Protection","False","3","True","High Tech","2","-9.4375","-24.84375","38.34375","Expansion","Independent"
"Core Sys Sector AQ-P a5-1","46.7604955631621","LP 932-12 Dynamic Inc","False","8","True","Industrial","25","-14.34375","-44.125","5.8125","None","Federation"
"Core Sys Sector PN-T b3-3","46.7782960824248","Union of ER 8 Alliance","False","18","True","Industrial","2","37.09375","2.3125","28.40625","None","Federation"
"Muscida","46.8126773194238","Tharsis Corporation","False","1","True","Military","3","-18.53125","27.625","-32.9375","None","Federation"
"Core Sys Sector CV-P a5-0","46.8492533458379","Nanabozho Transport Holdings","False","8","True","Industrial","9","30.9375","-31.96875","14.6875","None","Federation"
"40 G. Capricorni","46.9227465162154","Psi Capricorni Gold Vision Co","False","2","True","Military","1","-14.34375","-26.5","35.96875","None","Federation"
"Danae","46.9851830035278","501st Legion","False","1","True","Service","1","-35.78125","16.15625","25.8125","None","Federation"
"Naiad","46.988747406294","501st Legion","False","19","True","Industrial","5","-36.9375","13.375","25.78125","Boom","Federation"
"Core Sys Sector FW-N a6-1","47.0074586834366","Izumo Heavy Industries Ltd","False","2","True","Military","4","0.09375","-41.03125","22.9375","Expansion","Federation"
"LHS 3470","47.0612757144874","Gold Legal Solutions","False","2","True","Military","1","-31.4375","-6.53125","34.40625","None","Federation"
"Core Sys Sector AB-O a6-2","47.0721479154606","Teaka Elite Altruists Bagging Cooperative","False","1","True","Military","1","-31.53125","-28.53125","20.1875","None","Independent"
"LFT 672","47.075529404883","Terran Colonial Forces","False","2","True","Military","4","-11.8125","33.6875","-30.6875","Expansion","Alliance"
"Core Sys Sector EW-N a6-1","47.113911991311","Izumo Heavy Industries Ltd","False","8","True","Industrial","9","-11.34375","-40.15625","21.875","Expansion","Federation"
"LP 389-32","47.1254766222582","501st Legion","False","1","True","Military","1","-32.4375","19.65625","27.96875","None","Federation"
"Core Sys Sector FH-M a7-0","47.1304083434994","German Pilot Lounge","False","6","True","Industrial","2","-23.25","-31.09375","26.71875","Expansion","Independent"
"Core Sys Sector AB-O a6-3","47.1338167315941","Tibis Alliance","False","7","True","Industrial","1","-29.84375","-29.03125","22.09375","None","Federation"
"Drahlian","47.1687980323063","The Astral Diamonds Club","False","1","True","Extraction","2","6.71875","-30.25","35.5625","Boom","Federation"
"LHS 464","47.1915664638556","Pixel Bandits Security Force","False","9","True","Industrial","7","-26.90625","7.6875","38.0","Boom","Independent"
"Erlaza","47.2353751341354","1 i Centauri Values Party","False","2","True","Extraction","12","28.25","22.59375","30.375","Investment","Federation"
"Core Sys Sector QX-U a2-0","47.2370704035771","Welsh Dragon Wing of Alpha Fornacis","False","2","True","Military","1","5.3125","-44.0","-16.34375","Expansion","Independent"
